{
    "lgb_lr": 0.026716001838150347,
    "lgb_leaves": 192,
    "lgb_estimators": 759,
    "lgb_subsample": 0.7288896878925376,
    "lgb_colsample": 0.5150710640987712,
    "lgb_min_child": 12,
    "lgb_alpha": 2.565095843505434e-05,
    "lgb_lambda": 0.009366406097098873,
    "cat_lr": 0.1479219124928443,
    "cat_depth": 10,
    "cat_l2": 3.2517645187031565,
    "cat_estimators": 611,
    "cat_subsample": 0.5112605706276525,
    "xgb_lr": 0.005453854163354842,
    "xgb_depth": 4,
    "xgb_estimators": 656,
    "xgb_subsample": 0.7558762632522747,
    "xgb_colsample": 0.7954069140917006,
    "xgb_alpha": 0.011728358198262874,
    "xgb_lambda": 0.010929990922553173,
    "mlp_units": 96,
    "mlp_lr": 0.0007233928735071662,
    "mlp_alpha": 0.00032195628108154967,
    "mlp_patience": 13,
    "mlp_maxit": 210,
    "ridge_alpha": 2.996732171910555
}