{
  "RMSE": 0.22888550597572152,
  "MAE": 0.1559265963333558,
  "R2": 0.7147999294488281,
  "MBE": -0.0010648163504072001,
  "NRMSE": 0.22888550597572152
}