MI,NMI,bins
0.027444881008709274,0.02101221159481137,20
