beta,R_squared,conf_int_low,conf_int_high
0.1273434848790544,0.007502638095761238,0.12294855518556609,0.1317384145725427
