year,roc_auc
2013,0.8237816940738601
2014,0.7399793035797149
2015,0.8426562512802602
2016,0.7983204028121612
2017,0.825602647492008
2018,0.8902307636725268
2019,0.9006753012152557
2020,0.9264351973654995
2021,0.8914737063220182
2022,0.800966551456139
2023,0.8656393659407098
